Date,Actual_Close,LSTM_Predicted
2018-03-05,1444.1534423828125,1449.8198
2018-03-06,1414.8363037109375,1453.4471
2018-03-07,1407.698974609375,1456.6729
2018-03-08,1396.7718505859375,1458.974
2018-03-09,1410.791015625,1459.9777
2018-03-12,1419.1839599609375,1460.2904
2018-03-13,1342.299560546875,1460.529
2018-03-14,1342.34619140625,1458.4653
2018-03-15,1334.3486328125,1454.034
2018-03-16,1313.8896484375,1447.6881
2018-03-19,1316.35400390625,1439.6145
2018-03-20,1332.09375,1430.6632
2018-03-21,1328.3270263671875,1422.1447
2018-03-22,1316.5169677734375,1414.5612
2018-03-23,1310.3790283203125,1407.7446
2018-03-26,1309.8443603515625,1401.5028
2018-03-27,1324.119140625,1395.8376
2018-03-28,1324.7933349609375,1391.272
2018-04-02,1352.924560546875,1387.8916
2018-04-03,1353.66845703125,1386.471
2018-04-04,1353.505615234375,1386.857
2018-04-05,1375.383056640625,1388.5436
2018-04-06,1371.8260498046875,1391.6948
2018-04-09,1359.550537109375,1395.7711
2018-04-10,1365.920654296875,1399.828
2018-04-11,1401.5147705078125,1403.6232
2018-04-12,1459.6834716796875,1408.1451
2018-04-13,1466.2166748046875,1415.2345
2018-04-16,1482.1884765625,1424.7936
2018-04-17,1472.40087890625,1436.3386
2018-04-18,1468.91357421875,1448.4707
2018-04-19,1483.8157958984375,1460.0282
2018-04-20,1582.0657958984375,1470.8162
2018-04-23,1584.9488525390625,1483.6462
2018-04-24,1574.2542724609375,1498.489
2018-04-25,1613.591552734375,1513.9315
2018-04-26,1645.6749267578125,1529.998
2018-04-27,1605.082275390625,1546.892
2018-04-30,1642.350341796875,1562.569
2018-05-02,1627.3082275390625,1577.2255
2018-05-03,1618.9852294921875,1590.1588
2018-05-04,1618.4737548828125,1600.8417
2018-05-07,1590.6678466796875,1609.2568
2018-05-08,1600.083740234375,1614.824
2018-05-09,1622.449462890625,1618.1494
2018-05-10,1604.7568359375,1620.5287
2018-05-11,1607.4073486328125,1621.9923
2018-05-14,1596.5267333984375,1622.8062
2018-05-15,1619.2412109375,1622.8625
2018-05-16,1624.588134765625,1622.9916
2018-05-17,1623.611572265625,1623.5905
2018-05-18,1628.3775634765625,1624.6154
2018-05-21,1653.8121337890625,1626.0494
2018-05-22,1631.5628662109375,1628.4846
2018-05-23,1625.1463623046875,1631.1028
2018-05-24,1675.6429443359375,1633.3116
2018-05-25,1667.3197021484375,1636.4371
2018-05-28,1628.3775634765625,1640.2981
2018-05-29,1638.351806640625,1643.3591
2018-05-30,1633.9808349609375,1645.5187
2018-05-31,1632.57421875,1646.759
2018-06-01,1624.510009765625,1647.2168
2018-06-04,1635.57470703125,1646.878
2018-06-05,1614.3360595703125,1646.2767
2018-06-06,1618.2274169921875,1645.0449
2018-06-07,1627.4168701171875,1643.3851
2018-06-08,1638.2474365234375,1641.8021
2018-06-11,1640.68505859375,1640.8143
2018-06-12,1670.03515625,1640.5465
2018-06-13,1710.44970703125,1641.7338
2018-06-14,1676.1768798828125,1645.3849
2018-06-15,1725.4061279296875,1650.0466
2018-06-18,1715.0443115234375,1656.2698
2018-06-19,1710.8248291015625,1663.2856
2018-06-20,1708.9024658203125,1670.259
2018-06-21,1705.995849609375,1676.6154
2018-06-22,1697.040771484375,1682.0045
2018-06-25,1705.90185546875,1686.0989
2018-06-26,1736.6114501953125,1689.2224
2018-06-27,1742.23779296875,1692.4868
2018-06-28,1727.890869140625,1696.2426
2018-06-29,1732.6260986328125,1699.9211
2018-07-02,1736.0020751953125,1703.359
2018-07-03,1757.287841796875,1706.5309
2018-07-04,1749.8798828125,1709.9799
2018-07-05,1763.148193359375,1713.4648
2018-07-06,1793.7640380859375,1717.1425
2018-07-09,1765.679931640625,1721.7385
2018-07-10,1758.272216796875,1726.2784
2018-07-11,1856.542724609375,1730.0887
2018-07-12,1848.5255126953125,1735.7516
2018-07-13,1857.6680908203125,1743.1578
2018-07-16,1865.2633056640625,1751.7863
2018-07-17,1881.189208984375,1761.0354
2018-07-18,1879.404052734375,1770.6329
2018-07-19,1861.693115234375,1779.9823
2018-07-20,1875.974609375,1788.1205
2018-07-23,1884.4779052734373,1795.1295
2018-07-24,1878.229736328125,1801.2858
2018-07-25,1861.7867431640625,1806.4896
2018-07-26,1846.001708984375,1810.3159
2018-07-27,1826.3173828125,1812.4143
2018-07-30,1827.1162109375,1812.5072
2018-07-31,1822.9818115234373,1811.0289
2018-08-01,1857.088623046875,1808.4567
2018-08-02,1830.6866455078125,1806.2263
2018-08-03,1859.8607177734373,1804.0833
2018-08-06,1856.1962890625,1802.7837
2018-08-07,1848.4918212890625,1802.3098
2018-08-08,1854.7398681640625,1802.2529
2018-08-09,1855.0687255859373,1802.5498
2018-08-10,1872.68603515625,1803.0895
2018-08-13,1879.3099365234373,1804.2269
2018-08-14,1882.5048828125,1806.0581
2018-08-16,1887.1553955078125,1808.4513
2018-08-17,1891.1488037109373,1811.2557
2018-08-20,1888.5179443359373,1814.3187
2018-08-21,1895.7528076171875,1817.3406
2018-08-23,1912.1485595703125,1820.3136
2018-08-24,1919.5711669921875,1823.5696
2018-08-27,1926.993896484375,1827.2125
2018-08-28,1944.1884765625,1831.2312
2018-08-29,1946.819091796875,1835.8229
2018-08-30,1956.591064453125,1840.7964
2018-08-31,1952.832275390625,1846.056
2018-09-03,1928.873046875,1851.2013
2018-09-04,1972.0939941406252,1855.3207
2018-09-05,1953.631103515625,1859.3434
2018-09-06,1949.9200439453125,1862.9678
2018-09-07,1954.195068359375,1865.9591
2018-09-10,1955.0406494140625,1868.404
2018-09-11,1922.6251220703125,1870.3977
2018-09-12,1920.4639892578125,1871.1823
2018-09-14,1940.617919921875,1870.7336
2018-09-17,1948.8388671875,1869.8907
2018-09-18,1945.6448974609373,1869.2628
2018-09-19,1952.362548828125,1868.9269
2018-09-21,1976.087646484375,1869.0165
2018-09-24,2065.629638671875,1870.0702
2018-09-25,2051.30078125,1874.2506
2018-09-26,2012.7307128906252,1880.9142
2018-09-27,2056.609130859375,1887.9812
2018-09-28,2051.770751953125,1895.5197
2018-10-01,2119.2802734375,1903.0348
2018-10-03,2032.1809082031248,1911.7379
2018-10-04,1940.0545654296875,1919.2582
2018-10-05,1975.6171875000002,1922.6019
2018-10-08,1952.0340576171875,1922.6168
2018-10-09,1965.4228515625,1919.8486
2018-10-10,1920.1348876953125,1915.579
2018-10-11,1860.3304443359373,1909.6279
2018-10-12,1802.405029296875,1901.0562
2018-10-15,1831.7200927734373,1889.0353
2018-10-16,1843.746826171875,1875.3108
2018-10-17,1812.8343505859373,1861.6793
2018-10-19,1797.6134033203125,1848.3763
2018-10-22,1788.0294189453125,1835.4705
2018-10-23,1735.914306640625,1823.1027
2018-10-24,1740.48046875,1810.233
2018-10-25,1744.7177734375,1797.2363
2018-10-26,1693.96728515625,1784.8582
2018-10-29,1761.6656494140625,1772.2379
2018-10-30,1784.0748291015625,1761.4965
2018-10-31,1824.8916015625,1753.8732
2018-11-01,1822.6318359375,1750.4011
2018-11-02,1801.635009765625,1750.4292
2018-11-05,1780.3558349609375,1752.2789
2018-11-06,1819.760009765625,1754.2998
2018-11-07,1828.6578369140625,1756.9431
2018-11-09,1797.6331787109375,1760.3398
2018-11-12,1802.9532470703125,1763.3529
2018-11-13,1821.8787841796875,1765.7559
2018-11-14,1770.7518310546875,1768.0626
2018-11-15,1763.407470703125,1768.9691
2018-11-16,1776.35400390625,1768.178
2018-11-19,1791.278076171875,1766.4113
2018-11-20,1768.491943359375,1764.6207
2018-11-21,1706.1134033203125,1762.5508
2018-11-22,1706.631103515625,1758.5396
2018-11-26,1738.2205810546875,1752.7056
2018-11-27,1779.790771484375,1746.6406
2018-11-28,1867.9681396484373,1742.2974
2018-11-29,1845.9827880859373,1742.4901
2018-11-30,1853.2327880859373,1746.3312
2018-12-03,1866.555908203125,1752.6561
2018-12-04,1893.343505859375,1760.5873
2018-12-05,1889.4830322265625,1769.8601
2018-12-06,1876.254150390625,1779.5793
2018-12-07,1878.60791015625,1788.6163
2018-12-10,1860.341796875,1796.5103
2018-12-11,1883.1275634765625,1802.621
2018-12-12,1898.945556640625,1807.5775
2018-12-13,1866.7442626953125,1812.1067
2018-12-14,1873.4761962890625,1815.5156
2018-12-17,1877.7606201171875,1817.9172
2018-12-18,1871.687255859375,1819.6288
2018-12-19,1853.4210205078125,1820.6979
2018-12-20,1839.862548828125,1820.7755
2018-12-21,1785.0164794921875,1819.6377
2018-12-24,1806.3900146484373,1816.0999
2018-12-26,1778.8023681640625,1811.0825
2018-12-27,1797.39794921875,1804.6969
2018-12-28,1785.2520751953125,1798.0511
2018-12-31,1782.4271240234375,1791.4832
2019-01-01,1791.607177734375,1785.244
2019-01-02,1810.9095458984373,1779.816
2019-01-03,1788.9239501953125,1775.8806
2019-01-04,1767.173828125,1772.8235
2019-01-07,1786.9937744140625,1769.7441
2019-01-08,1782.898193359375,1767.0251
2019-01-09,1776.68359375,1764.6875
2019-01-10,1778.190185546875,1762.5569
2019-01-11,1734.8782958984375,1760.6487
2019-01-14,1707.2904052734375,1757.7844
2019-01-15,1758.65283203125,1753.1687
2019-01-16,1760.865478515625,1748.5908
2019-01-17,1787.427001953125,1744.8444
2019-01-18,1793.4189453125,1742.852
2019-01-21,1801.0147705078125,1742.7081
2019-01-22,1794.5985107421875,1744.1907
2019-01-23,1769.7822265625,1746.5814
2019-01-24,1794.268310546875,1748.6431
2019-01-25,1812.43212890625,1750.6709
2019-01-28,1844.70263671875,1753.1951
2019-01-29,1870.8868408203125,1757.0507
2019-01-30,1869.61328125,1762.7327
2019-01-31,1900.46826171875,1769.672
2019-02-01,1915.42431640625,1777.9377
2019-02-04,1934.578857421875,1787.2937
2019-02-05,1929.20068359375,1797.5311
2019-02-06,1957.7437744140625,1807.8153
2019-02-07,1965.386474609375,1818.2272
2019-02-08,1945.0994873046875,1828.5579
2019-02-11,1949.3458251953125,1837.8313
2019-02-12,1935.8524169921875,1845.7676
2019-02-14,1929.2476806640625,1851.9739
2019-02-15,1915.18798828125,1856.3605
2019-02-18,1859.139404296875,1858.8351
2019-02-19,1797.334716796875,1858.3125
2019-02-20,1806.723388671875,1853.6074
2019-02-21,1806.2044677734373,1845.7899
2019-02-22,1817.0084228515625,1836.247
2019-02-25,1873.1514892578125,1826.4794
2019-02-26,1923.6802978515625,1818.8816
2019-02-27,1941.98583984375,1815.31
2019-02-28,1871.5474853515625,1815.9525
2019-03-01,1882.8233642578125,1817.8969
2019-03-05,1875.935302734375,1820.1149
2019-03-06,1886.7862548828125,1821.9565
2019-03-07,1899.7135009765625,1823.5278
2019-03-08,1908.5831298828125,1825.2157
2019-03-11,1901.12890625,1827.283
2019-03-12,1898.911376953125,1829.4412
2019-03-13,1887.6357421875,1831.4358
2019-03-14,1875.2747802734373,1832.8568
2019-03-15,1924.859619140625,1833.3412
2019-03-18,1908.677490234375,1834.2955
2019-03-19,1908.677490234375,1835.5892
2019-03-20,1901.3646240234373,1837.0378
2019-03-22,1892.4951171875,1838.301
2019-03-25,1872.3023681640625,1839.0381
2019-03-26,1870.792724609375,1838.7178
2019-03-27,1856.8748779296875,1837.4094
2019-03-28,1887.4468994140625,1835.0685
2019-04-01,1917.0281982421875,1832.8306
2019-04-02,1961.98974609375,1831.8969
2019-04-03,1961.98974609375,1833.5309
2019-04-04,1900.845703125,1837.4125
2019-04-05,1932.7386474609373,1841.1195
2019-04-08,1953.9222412109373,1844.6199
2019-04-09,1973.5015869140623,1848.3848
2019-04-10,1925.1429443359373,1852.8538
2019-04-11,1905.5634765625,1856.5696
2019-04-12,1900.845703125,1858.6138
2019-04-15,1994.0716552734373,1858.9266
2019-04-16,2011.5280761718748,1860.3167
2019-04-18,2028.7480468749998,1863.7986
2019-04-22,2039.5048828124998,1869.4471
2019-04-23,2033.4659423828125,1876.7828
2019-04-24,2060.263916015625,1884.7845
2019-04-25,2071.162109375,1893.3202
2019-04-26,2112.25537109375,1902.1572
2019-04-30,2132.825439453125,1911.8088
2019-05-02,2090.4111328125,1922.3538
2019-05-03,2011.7166748046877,1932.1544
2019-05-06,2036.1082763671875,1938.6272
2019-05-07,2030.541259765625,1942.1385
2019-05-08,2031.3902587890623,1943.3099
2019-05-09,2049.978759765625,1942.894
2019-05-10,2015.3022460937502,1941.9884
2019-05-13,2008.6496582031248,1940.2673
2019-05-14,1974.3034667968748,1937.7183
2019-05-15,1977.1812744140623,1933.8083
2019-05-16,1989.7781982421873,1928.9095
2019-05-17,1977.228759765625,1923.8805
2019-05-20,2022.9921874999998,1918.9039
2019-05-21,1990.721435546875,1915.3322
2019-05-22,1964.3017578125,1912.5905
2019-05-23,1938.1644287109373,1909.719
2019-05-24,1932.4556884765625,1905.9032
2019-05-27,1939.2021484375,1901.1144
2019-05-28,1956.7529296875,1895.9336
2019-05-29,1988.6461181640625,1891.2788
2019-05-30,2025.2098388671877,1888.2903
2019-05-31,2072.625,1887.9451
2019-06-03,2115.7939453125,1891.0823
2019-06-04,2076.603515625,1898.0221
2019-06-06,2060.4326171875,1906.6436
2019-06-07,2075.319580078125,1915.113
2019-06-10,2122.64208984375,1922.9425
2019-06-11,2142.9033203125,1930.9952
2019-06-12,2150.608154296875,1939.6644
2019-06-13,2144.14013671875,1948.7578
2019-06-14,2144.5205078125,1957.6042
2019-06-17,2139.479248046875,1965.7275
2019-06-18,2141.048828125,1972.7429
2019-06-19,2149.65673828125,1978.584
2019-06-20,2166.82666015625,1983.5095
2019-06-21,2140.09765625,1988.0438
2019-06-24,2164.495849609375,1991.6755
2019-06-25,2157.171630859375,1994.8778
2019-06-26,2144.23486328125,1997.6388
2019-06-27,2142.66552734375,1999.661
2019-06-28,2118.55224609375,2000.9235
2019-07-01,2130.2998046875,2001.0214
2019-07-02,2142.237548828125,2000.3693
2019-07-03,2128.4921875,1999.5922
2019-07-04,2133.248779296875,1998.636
2019-07-05,2057.57958984375,1997.663
2019-07-08,2069.27880859375,1995.0432
2019-07-09,2029.2808837890625,1990.9956
2019-07-10,2005.357177734375,1985.1866
2019-07-11,1999.9826660156248,1977.5692
2019-07-12,2004.7867431640625,1968.7156
2019-07-15,2041.0279541015625,1959.5453
2019-07-16,2007.9437255859375,1951.6342
2019-07-17,2018.670166015625,1944.6754
2019-07-18,1969.7585449218752,1938.8315
2019-07-19,1980.24609375,1932.9119
2019-07-22,2011.6619873046875,1927.0114
2019-07-23,2014.0932617187498,1922.1566
2019-07-24,1999.172241210937,1918.6562
2019-07-25,2028.8234863281252,1916.0269
2019-07-26,2010.851806640625,1914.7224
2019-07-29,2030.826416015625,1914.1682
2019-07-30,2077.687744140625,1914.4961
2019-07-31,2103.001953125,1916.6714
2019-08-01,2078.545654296875,1921.0657
2019-08-02,2102.619873046875,1926.4633
2019-08-05,2143.904541015625,1932.5925
2019-08-06,2111.773193359375,1939.9454
2019-08-07,2110.390625,1947.3212
2019-08-08,2152.961669921875,1954.0118
2019-08-09,2141.663818359375,1960.7244
2019-08-13,2097.042724609375,1967.1696
2019-08-14,2101.76220703125,1972.0338
2019-08-16,2064.2919921875,1975.2241
2019-08-19,2062.289794921875,1976.1583
2019-08-20,2084.933837890625,1975.1198
2019-08-21,2084.409423828125,1973.2649
2019-08-22,2112.822509765625,1971.2264
2019-08-23,2143.045654296875,1969.9849
2019-08-26,2170.314453125,1970.4105
2019-08-27,2132.367431640625,1972.9752
2019-08-28,2134.989501953125,1976.3085
2019-08-29,2129.45947265625,1979.7025
2019-08-30,2154.39208984375,1982.6774
2019-09-03,2146.764404296875,1985.6467
2019-09-04,2140.85302734375,1988.4681
2019-09-05,2112.154296875,1990.886
2019-09-06,2095.18359375,1992.178
2019-09-09,2081.2158203125,1991.9535
2019-09-11,2053.70849609375,1990.1558
2019-09-12,2034.258544921875,1986.586
2019-09-13,2042.2193603515625,1981.2876
2019-09-16,2049.895263671875,1975.0743
2019-09-17,2023.8184814453127,1968.8436
2019-09-18,2038.9781494140623,1962.4954
2019-09-19,2004.0822753906248,1956.607
2019-09-20,1969.2816162109373,1950.6382
2019-09-23,1921.9434814453125,1943.7996
2019-09-24,1949.4979248046875,1935.1439
2019-09-25,1991.2105712890623,1925.792
2019-09-26,1990.4006347656248,1917.6616
2019-09-27,1960.4146728515625,1911.3451
2019-09-30,2001.5552978515625,1906.0585
2019-10-01,1964.0377197265625,1902.5115
2019-10-03,1964.32373046875,1899.702
2019-10-04,1982.534423828125,1897.223
2019-10-07,1952.3580322265625,1895.4194
2019-10-09,1926.043212890625,1893.5446
2019-10-10,1911.121826171875,1890.778
2019-10-11,1894.341064453125,1886.8086
2019-10-14,1926.9013671875,1881.5579
2019-10-15,1942.4423828125,1876.3416
2019-10-16,1951.11865234375,1872.1692
2019-10-17,1974.9921875,1869.4733
2019-10-18,2000.6650390625,1868.7313
2019-10-22,1994.8786621093752,1870.2839
2019-10-23,2013.0635986328127,1873.4467
2019-10-24,2024.6356201171875,1877.9294
2019-10-25,2066.40185546875,1883.4281
2019-10-29,2134.376708984375,1890.4199
2019-10-30,2190.729736328125,1900.0858
2019-10-31,2207.115478515625,1913.0934
2019-11-01,2140.259521484375,1928.6394
2019-11-04,2133.50146484375,1943.6068
2019-11-05,2141.183349609375,1956.4349
2019-11-06,2128.201171875,1966.8992
2019-11-07,2125.137939453125,1974.8469
2019-11-08,2071.26416015625,1980.4988
2019-11-11,2043.063720703125,1983.0596
2019-11-13,2118.57421875,1982.2861
2019-11-14,2136.27294921875,1980.7102
2019-11-15,2114.538330078125,1979.8344
2019-11-18,2093.290771484375,1979.4725
2019-11-19,2050.697509765625,1978.9459
2019-11-20,2050.454345703125,1977.108
2019-11-21,2059.7412109375,1973.9706
2019-11-22,2014.6192626953125,1970.2007
2019-11-25,2024.1494140625002,1965.2443
2019-11-26,1990.259765625,1959.604
2019-11-27,1997.6989746093748,1953.0182
2019-11-28,2020.1137695312502,1946.0393
2019-11-29,1996.6778564453123,1939.7456
2019-12-02,1965.3651123046875,1933.9767
2019-12-03,1994.48974609375,1927.9858
2019-12-04,2021.2318115234375,1922.5199
2019-12-05,2062.852783203125,1918.5597
2019-12-06,2065.089111328125,1917.2092
2019-12-09,2003.67919921875,1918.2664
2019-12-10,1957.390869140625,1919.5066
2019-12-11,1985.6405029296873,1918.9899
2019-12-12,1965.2192382812502,1917.2566
2019-12-13,2014.181884765625,1914.3584
2019-12-16,2068.152587890625,1911.91
2019-12-17,2105.300048828125,1911.7494
2019-12-18,2108.022705078125,1914.7938
2019-12-19,2167.634033203125,1920.4541
2019-12-20,2161.653076171875,1929.0875
2019-12-23,2170.210693359375,1939.5635
2019-12-24,2154.5546875,1950.836
2019-12-26,2141.28076171875,1961.58
2019-12-27,2137.925537109375,1970.7999
2019-12-30,2123.047607421875,1978.1537
2019-12-31,2102.1396484375,1983.3973
2020-01-01,2107.877685546875,1986.3105
2020-01-02,2098.201171875,1987.4297
2020-01-03,2140.0166015625,1987.1167
2020-01-06,2139.822265625,1986.8104
2020-01-07,2145.072998046875,1986.9882
2020-01-08,2193.11181640625,1987.78
2020-01-09,2153.339111328125,1990.1422
2020-01-10,2152.561279296875,1992.9979
2020-01-13,2130.00048828125,1995.7332
2020-01-14,2146.093994140625,1997.5837
2020-01-15,2165.543701171875,1998.8193
2020-01-16,2177.115478515625,2000.0864
2020-01-17,2157.958251953125,2001.7987
2020-01-20,2110.551513671875,2003.4779
2020-01-21,2111.232177734375,2003.8423
2020-01-22,2146.093994140625,2002.8004
2020-01-23,2135.421630859375,2001.5154
2020-01-24,2128.06298828125,2000.2338
2020-01-27,2114.27197265625,1998.8997
2020-01-28,2128.404296875,1997.2427
2020-01-29,2099.9931640625,1995.6365
2020-01-30,2083.66796875,1993.6058
2020-01-31,2026.357788085937,1990.7887
2020-02-03,2049.213623046875,1986.0455
2020-02-04,2054.33056640625,1980.1682
2020-02-05,2092.147705078125,1974.0436
2020-02-06,2074.407958984375,1969.1232
2020-02-07,2082.400634765625,1965.3438
2020-02-10,2107.156982421875,1962.7129
2020-02-11,2098.82373046875,1961.6335
2020-02-12,2115.733642578125,1961.6915
2020-02-13,2136.396240234375,1962.8562
2020-02-14,2128.8427734375,1965.2864
2020-02-17,2147.410400390625,1968.4454
2020-02-18,2159.593505859375,1972.2859
2020-02-19,2140.68505859375,1976.7661
2020-02-20,2102.137451171875,1981.1058
2020-02-24,2061.738037109375,1984.0415
2020-02-25,2101.50341796875,1984.4833
2020-02-26,2069.778564453125,1983.6039
2020-02-27,2052.137451171875,1981.4276
2020-02-28,1949.45751953125,1977.9303
2020-03-02,1950.5784912109373,1971.1487
2020-03-03,1984.5939941406248,1961.4832
2020-03-04,2030.402709960937,1950.9473
2020-03-05,2071.192138671875,1941.8993
2020-03-06,2062.81005859375,1936.0542
2020-03-09,1922.362060546875,1933.169
2020-03-11,1904.1846923828125,1929.1039
2020-03-12,1724.994384765625,1922.4963
2020-03-13,1760.520751953125,1909.3263
2020-03-16,1653.406005859375,1891.1659
2020-03-17,1615.9793701171875,1867.6068
2020-03-18,1612.470458984375,1839.566
2020-03-19,1606.53076171875,1809.2792
2020-03-20,1764.6949462890625,1778.9004
2020-03-23,1639.2728271484375,1754.665
2020-03-24,1672.11328125,1734.4432
2020-03-25,1718.404296875,1718.2295
2020-03-26,1758.3131103515625,1706.9647
2020-03-27,1791.2520751953125,1701.2754
2020-03-30,1746.0902099609375,1701.1162
2020-03-31,1792.8228759765625,1703.787
2020-04-01,1677.6114501953125,1708.9469
2020-04-03,1624.05517578125,1712.3896
2020-04-07,1742.850341796875,1711.5704
2020-04-08,1674.3714599609375,1710.1721
2020-04-09,1733.9654541015625,1707.6044
2020-04-13,1727.19091796875,1705.7697
2020-04-15,1703.5301513671875,1704.9666
2020-04-16,1684.7784423828125,1704.3815
2020-04-17,1773.285400390625,1703.19
2020-04-20,1785.5086669921875,1703.8579
2020-04-21,1705.9847412109375,1707.0127
2020-04-22,1737.2542724609375,1709.8362
2020-04-23,1844.0224609375,1712.3086
2020-04-24,1785.4105224609375,1717.445
2020-04-27,1803.1314697265625,1723.6542
2020-04-28,1825.1724853515625,1730.4208
2020-04-29,1870.923095703125,1737.7997
2020-04-30,1977.740478515625,1746.6334
2020-05-04,1895.271240234375,1759.4016
2020-05-05,1897.5294189453125,1773.0925
2020-05-06,1868.910400390625,1786.0479
2020-05-07,1857.1783447265625,1796.6812
2020-05-08,1858.8963623046875,1804.3705
2020-05-11,1900.0328369140625,1809.4294
2020-05-12,1913.9739990234373,1813.5288
2020-05-13,1914.1214599609373,1817.654
2020-05-14,1867.6832275390625,1821.9491
2020-05-15,1858.405517578125,1825.0261
2020-05-18,1910.14501953125,1826.3916
2020-05-19,1913.1396484375,1827.6405
2020-05-20,1917.9993896484373,1829.3401
2020-05-21,1954.914306640625,1831.6117
2020-05-22,1983.5330810546875,1835.2294
2020-05-26,1907.592529296875,1840.7009
2020-05-27,1968.7574462890623,1845.5267
2020-05-28,1967.7755126953125,1850.477
2020-05-29,1936.40771484375,1855.5653
2020-06-01,2007.9793701171875,1859.7502
2020-06-02,2009.8446044921877,1864.6077
2020-06-03,2014.76806640625,1870.3331
2020-06-04,2059.471435546875,1876.6586
2020-06-05,2016.8355712890625,1884.2284
2020-06-08,2039.9753417968752,1891.5721
2020-06-09,2040.2703857421875,1898.5696
2020-06-10,2076.40771484375,1905.0245
2020-06-11,2035.9379882812498,1911.652
2020-06-12,2008.2198486328125,1917.397
2020-06-15,1998.7672119140625,1921.247
2020-06-16,2014.42333984375,1922.9906
2020-06-17,2016.392578125,1923.413
2020-06-18,2006.8413085937498,1923.1294
2020-06-19,2013.2416992187498,1922.2865
2020-06-22,1996.8470458984373,1921.2561
2020-06-23,2004.0843505859373,1919.8412
2020-06-24,2010.87841796875,1918.3005
2020-06-25,1985.1787109375,1916.9761
2020-06-26,2086.35302734375,1915.3378
2020-06-29,2069.416748046875,1915.8414
2020-06-30,2050.2158203125,1918.3066
2020-07-01,2059.964111328125,1921.592
2020-07-02,2124.065185546875,1925.2449
2020-07-03,2165.913330078125,1930.4467
2020-07-06,2228.489013671875,1937.984
2020-07-07,2235.086181640625,1948.6785
2020-07-08,2184.867919921875,1961.6963
2020-07-09,2170.54150390625,1974.4995
2020-07-10,2188.265625,1985.5299
2020-07-13,2185.95166015625,1994.7549
2020-07-14,2138.638427734375,2002.2389
2020-07-15,2199.638427734375,2007.1042
2020-07-16,2205.41162109375,2010.8999
2020-07-17,2171.85791015625,2014.4075
2020-07-20,2178.913818359375,2017.056
2020-07-21,2195.8388671875,2018.9237
2020-07-22,2162.1865234375,2020.55
2020-07-23,2142.69580078125,2021.3656
2020-07-24,2129.076904296875,2020.9116
2020-07-27,2177.828369140625,2019.072
2020-07-28,2279.427001953125,2017.3059
2020-07-29,2246.16943359375,2018.4037
2020-07-30,2249.573974609375,2021.7673
2020-07-31,2251.44921875,2026.5383
2020-08-03,2224.556640625,2031.9626
2020-08-04,2220.165283203125,2036.8558
2020-08-05,2229.836669921875,2040.6943
2020-08-06,2277.798828125,2043.6533
2020-08-07,2265.216064453125,2046.9338
2020-08-10,2252.830810546875,2050.4636
2020-08-11,2249.96875,2053.7437
2020-08-12,2227.71484375,2056.4963
2020-08-13,2224.8525390625,2058.198
2020-08-14,2212.7138671875,2058.8127
2020-08-17,2223.81640625,2058.3247
2020-08-18,2239.951904296875,2057.2495
2020-08-19,2226.974609375,2056.288
2020-08-20,2223.274169921875,2055.3984
2020-08-21,2219.079833984375,2054.4897
2020-08-24,2218.58642578125,2053.4824
2020-08-25,2213.2080078125,2052.4014
2020-08-26,2223.91552734375,2051.1968
2020-08-27,2218.882080078125,2050.1536
2020-08-28,2209.161376953125,2049.2598
2020-08-31,2227.6162109375,2048.2913
2020-09-01,2216.859375,2047.6245
2020-09-02,2235.412353515625,2047.1083
2020-09-03,2269.311279296875,2047.064
2020-09-04,2258.751708984375,2048.216
2020-09-07,2296.499755859375,2050.234
2020-09-08,2317.371826171875,2053.5088
2020-09-09,2297.092041015625,2058.183
2020-09-10,2300.545654296875,2063.348
2020-09-11,2342.93212890625,2068.4573
2020-09-14,2458.692138671875,2074.0515
2020-09-15,2458.692138671875,2082.3433
2020-09-16,2470.14013671875,2093.0469
2020-09-17,2428.641845703125,2105.221
2020-09-18,2417.73681640625,2116.9421
2020-09-21,2432.934814453125,2127.0635
2020-09-22,2489.828125,2135.5627
2020-09-23,2435.05615234375,2143.6099
2020-09-24,2301.63134765625,2150.419
2020-09-25,2390.499267578125,2153.2896
2020-09-28,2394.44677734375,2153.7803
2020-09-29,2455.7314453125,2153.1553
2020-09-30,2459.580322265625,2153.2192
2020-10-01,2490.3212890625,2154.4912
2020-10-05,2670.27734375,2157.3296
2020-10-06,2678.666015625,2164.617
2020-10-07,2700.03173828125,2176.071
2020-10-08,2788.603515625,2190.362
2020-10-09,2776.020751953125,2207.2424
2020-10-12,2792.846923828125,2225.1616
2020-10-13,2789.442138671875,2242.8992
2020-10-14,2784.536376953125,2259.448
2020-10-15,2716.152099609375,2274.1292
2020-10-16,2738.6494140625,2285.7424
2020-10-19,2687.36083984375,2294.5076
2020-10-20,2714.566162109375,2300.267
2020-10-21,2651.533203125,2303.792
2020-10-22,2647.3212890625,2304.9548
2020-10-23,2662.831787109375,2304.0645
2020-10-26,2664.21923828125,2301.9712
2020-10-27,2606.68701171875,2299.346
2020-10-28,2598.80810546875,2295.794
2020-10-29,2609.164794921875,2291.3123
2020-10-30,2641.077880859375,2286.4265
2020-11-02,2581.364990234375,2282.048
2020-11-03,2610.106689453125,2277.652
2020-11-04,2629.48193359375,2273.5435
2020-11-05,2661.74169921875,2270.248
2020-11-06,2683.29736328125,2268.3494
2020-11-09,2702.27685546875,2268.1155
2020-11-10,2625.9638671875,2269.5273
2020-11-11,2663.82275390625,2271.0142
2020-11-12,2647.222412109375,2272.4575
2020-11-13,2633.149169921875,2273.6252
2020-11-17,2642.26708984375,2274.223
2020-11-18,2603.21826171875,2274.3977
2020-11-19,2613.376708984375,2273.7341
2020-11-20,2636.5185546875,2272.4138
2020-11-23,2699.947509765625,2271.0735
2020-11-24,2697.767333984375,2270.9387
2020-11-25,2677.20263671875,2272.1501
2020-11-26,2696.330322265625,2274.0452
2020-11-27,2655.74560546875,2276.4358
2020-12-01,2702.474853515625,2278.5059
2020-12-02,2725.02197265625,2280.6182
2020-12-03,2685.27978515625,2283.2117
2020-12-04,2703.21826171875,2285.662
2020-12-07,2713.277587890625,2287.9119
2020-12-08,2772.34619140625,2290.104
2020-12-09,2785.725830078125,2293.056
2020-12-10,2759.4619140625,2296.9998
2020-12-11,2758.7685546875,2301.258
2020-12-14,2772.742431640625,2305.344
2020-12-15,2736.9150390625,2309.2073
2020-12-16,2789.095458984375,2312.303
2020-12-17,2812.881103515625,2315.171
2020-12-18,2835.477783203125,2318.351
2020-12-21,2794.9921875,2322.131
2020-12-22,2846.875,2325.8333
2020-12-23,2882.802001953125,2329.7207
2020-12-24,2883.396728515625,2334.25
2020-12-28,2903.267578125,2339.2905
2020-12-29,2904.357666015625,2344.7244
2020-12-30,2883.346923828125,2350.28
2020-12-31,2837.212158203125,2355.4038
2021-01-01,2902.1279296875,2359.2903
2021-01-04,3012.3359375,2362.5312
2021-01-05,3065.408203125,2366.75
2021-01-06,3024.2783203125,2372.8008
2021-01-07,3005.7451171875,2379.8735
2021-01-08,3093.05908203125,2386.9302
2021-01-11,3148.113525390625,2394.284
2021-01-12,3146.5283203125,2402.4106
2021-01-13,3130.769775390625,2411.0215
2021-01-14,3227.832275390625,2419.4385
2021-01-15,3210.6044921875,2428.0266
2021-01-18,3199.0859375,2436.6262
2021-01-19,3237.76171875,2444.7168
2021-01-20,3285.5234375,2452.2805
2021-01-21,3250.8193359375,2459.6392
2021-01-22,3279.86376953125,2466.543
2021-01-25,3268.146484375,2472.8945
2021-01-27,3238.109375,2478.6096
2021-01-28,3174.06298828125,2483.398
2021-01-29,3089.462646484375,2486.761
2021-02-01,3117.265625,2488.067
2021-02-02,3180.91455078125,2487.5254
2021-02-03,3177.53857421875,2486.189
2021-02-04,3166.02001953125,2484.7473
2021-02-05,3135.734619140625,2483.3628
2021-02-08,3191.489990234375,2481.8772
2021-02-09,3154.55126953125,2480.6235
2021-02-10,3190.6953125,2479.598
2021-02-11,3183.446533203125,2478.9014
2021-02-12,3168.353515625,2478.5762
2021-02-15,3117.76220703125,2478.413
2021-02-16,3086.930419921875,2477.9216
2021-02-17,3051.481689453125,2476.6855
2021-02-18,3035.842529296875,2474.4563
2021-02-19,3050.240478515625,2471.2385
2021-02-22,2937.63818359375,2467.4268
2021-02-23,2959.235107421875,2462.5369
2021-02-24,2927.361083984375,2456.643
2021-02-25,2974.22900390625,2449.9941
2021-02-26,2873.939453125,2443.3425
2021-03-01,2903.629150390625,2436.3464
2021-03-02,2985.201416015625,2429.1667
2021-03-03,3037.580078125,2423.0234
2021-03-04,3028.24609375,2418.9434
2021-03-05,2986.88916015625,2416.8838
2021-03-08,2985.796875,2415.9753
2021-03-09,3029.4873046875,2415.6028
2021-03-10,3049.3466796875,2415.8948
2021-03-12,3036.438232421875,2417.006
2021-03-15,3044.580322265625,2418.6516
2021-03-16,3088.171630859375,2420.5996
2021-03-17,3091.051025390625,2423.0667
2021-03-18,3015.13916015625,2426.0327
2021-03-19,3028.742431640625,2428.5835
2021-03-22,3107.633544921875,2430.4001
2021-03-23,3120.49267578125,2432.2693
2021-03-24,3099.14404296875,2434.6462
2021-03-25,3043.28955078125,2437.2793
2021-03-26,3045.225830078125,2439.416
2021-03-30,3136.33056640625,2440.7703
2021-03-31,3155.49462890625,2442.1985
2021-04-01,3142.73486328125,2444.2773
2021-04-05,3216.114990234375,2446.8525
2021-04-06,3241.733642578125,2450.2234
2021-04-07,3248.386474609375,2454.5518
2021-04-08,3294.013427734375,2459.5784
2021-04-09,3298.87890625,2465.2175
2021-04-12,3223.711669921875,2471.243
2021-04-13,3082.2138671875,2476.7783
2021-04-15,3196.3056640625,2480.363
2021-04-16,3172.6728515625,2482.3245
2021-04-19,3139.5576171875,2483.3032
2021-04-20,3122.428955078125,2483.346
2021-04-22,3096.860107421875,2482.4832
2021-04-23,3087.62548828125,2480.7468
2021-04-26,3078.98681640625,2478.2644
2021-04-27,3109.967041015625,2475.2388
2021-04-28,3102.122802734375,2472.1553
2021-04-29,3093.3349609375,2469.302
2021-04-30,3014.295166015625,2466.6963
2021-05-03,3015.6357421875,2463.7305
2021-05-04,3028.295654296875,2460.1777
2021-05-05,3073.922607421875,2456.3472
2021-05-06,3089.561767578125,2452.9204
2021-05-07,3110.86083984375,2450.3645
2021-05-10,3123.3720703125,2448.8953
2021-05-11,3100.633544921875,2448.5198
2021-05-12,3065.879638671875,2448.8274
2021-05-14,3030.033447265625,2449.1707
2021-05-17,3048.1552734375,2448.9585
2021-05-18,3067.0712890625,2448.216
2021-05-19,3060.31884765625,2447.3179
2021-05-20,3038.4736328125,2446.424
2021-05-21,3058.829345703125,2445.4006
2021-05-24,3059.822509765625,2444.3901
2021-05-25,3107.218994140625,2443.5344
2021-05-26,3151.6220703125,2443.264
2021-05-27,3173.0751953125,2444.0679
2021-05-28,3136.754638671875,2446.0703
2021-05-31,3152.2705078125,2448.689
2021-06-01,3146.134033203125,2451.5396
2021-06-02,3122.63525390625,2454.366
2021-06-03,3134.40966796875,2456.801
2021-06-04,3136.904296875,2458.7827
2021-06-07,3176.268310546875,2460.4
2021-06-08,3193.18115234375,2462.016
2021-06-09,3193.28125,2463.9172
2021-06-10,3209.795166015625,2466.0872
2021-06-11,3266.671142578125,2468.5007
2021-06-14,3269.215576171875,2471.4631
2021-06-15,3255.64501953125,2474.9902
2021-06-16,3267.219970703125,2478.7212
2021-06-17,3310.525390625,2482.421
2021-06-18,3290.119873046875,2486.2239
2021-06-21,3265.97265625,2490.0044
2021-06-22,3294.01123046875,2493.3875
2021-06-23,3254.2978515625,2496.3647
2021-06-24,3366.253662109375,2498.7922
2021-06-25,3373.43798828125,2501.2178
2021-06-28,3329.48388671875,2504.0994
2021-06-29,3333.5751953125,2507.0916
2021-06-30,3338.46435546875,2509.871
2021-07-01,3334.2236328125,2512.3674
2021-07-02,3318.20849609375,2514.5398
2021-07-05,3313.768310546875,2516.2876
2021-07-06,3255.196044921875,2517.5608
2021-07-07,3267.818359375,2518.104
2021-07-08,3251.404296875,2517.8835
2021-07-09,3201.163818359375,2517.048
2021-07-12,3186.146728515625,2515.4705
2021-07-13,3180.60888671875,2513.0889
2021-07-14,3207.550048828125,2510.0747
2021-07-15,3202.949951171875,2506.8574
2021-07-16,3194.800048828125,2503.7637
2021-07-19,3184.60009765625,2500.8794
2021-07-20,3205.800048828125,2498.1824
2021-07-22,3216.35009765625,2495.8123
2021-07-23,3212.85009765625,2493.942
2021-07-26,3197.550048828125,2492.56
2021-07-27,3182.949951171875,2491.4775
2021-07-28,3197.800048828125,2490.4612
2021-07-29,3195.800048828125,2489.5168
2021-07-30,3167.449951171875,2488.6934
2021-08-02,3219.39990234375,2487.7986
2021-08-03,3284.89990234375,2487.0854
2021-08-04,3273.949951171875,2487.203
2021-08-05,3283.949951171875,2488.2263
2021-08-06,3309.800048828125,2489.9316
2021-08-09,3322.699951171875,2492.2292
2021-08-10,3333.89990234375,2495.02
2021-08-11,3344.199951171875,2498.1528
2021-08-12,3351.75,2501.4844
2021-08-13,3463.39990234375,2504.8835
2021-08-16,3472.949951171875,2508.8083
2021-08-17,3553.050048828125,2513.4836
2021-08-18,3560.550048828125,2518.9873
2021-08-20,3559.5,2525.1924
2021-08-23,3637.39990234375,2531.6506
2021-08-24,3613.199951171875,2538.2476
2021-08-25,3659.0,2544.8293
2021-08-26,3671.85009765625,2551.1785
2021-08-27,3720.14990234375,2557.2688
2021-08-30,3701.300048828125,2563.1067
2021-08-31,3786.449951171875,2568.6626
2021-09-01,3714.949951171875,2573.9294
2021-09-02,3836.75,2578.94
2021-09-03,3842.050048828125,2583.563
2021-09-06,3852.0,2588.145
2021-09-07,3815.89990234375,2592.616
2021-09-08,3774.14990234375,2596.832
2021-09-09,3791.39990234375,2600.5178
2021-09-13,3845.35009765625,2603.508
2021-09-14,3885.89990234375,2605.9636
2021-09-15,3954.5500488281245,2608.197
2021-09-16,3903.300048828125,2610.4446
2021-09-17,3827.85009765625,2612.8926
2021-09-20,3823.5,2615.2314
2021-09-21,3862.949951171875,2617.087
2021-09-22,3862.14990234375,2618.45
2021-09-23,3869.25,2619.5374
2021-09-24,3871.300048828125,2620.4238
2021-09-27,3836.949951171875,2621.1826
2021-09-28,3779.14990234375,2621.84
2021-09-29,3791.89990234375,2622.2651
2021-09-30,3773.199951171875,2622.266
